location,bhk,area,predicted_rent,rent_per_sqft
MVP Colony,2,1000,57944.39,57.94439
Madhurawada,2,850,49262.41,57.95577647058824
Gopalapatnam,2,750,43110.94,57.481253333333335
Mumbai,1,600,43230.93,72.05155
